<?xml version="1.0" ?>
<dataset>
    <pair id="R04-01-I" label="N">
        <t1>
(Perbuatan Hukum oleh Anak di Bawah Umur)
Pasal 5 (1) Anak di bawah umur harus memperoleh persetujuan dari wali hukumnya untuk melakukan perbuatan hukum; dengan catatan, bahwa ini tidak berlaku untuk perbuatan hukum yang hanya untuk memperoleh hak atau dibebaskan dari kewajiban.
(2) Perbuatan hukum yang bertentangan dengan ketentuan ayat sebelumnya dapat dibatalkan.
(Izin untuk Anak di Bawah Umur untuk Melakukan Usaha)
Pasal 6 (1) Anak di bawah umur yang diizinkan untuk menjalankan satu atau beberapa jenis usaha memiliki kapasitas bertindak yang sama dengan orang dewasa sejauh menyangkut usaha tersebut.
        </t1>
        <t2>
Sebuah tindakan hukum oleh seorang anak di bawah umur yang diizinkan untuk melakukan bisnis tidak dapat dibatalkan meskipun tindakan hukum tersebut tidak berkaitan dengan bisnis.
        </t2>
    </pair>

    <pair id="R04-01-U" label="N">
        <t1>
(Perbuatan Hukum oleh Anak di Bawah Umur)
Pasal 5 (1) Anak di bawah umur harus memperoleh persetujuan dari wali hukumnya untuk melakukan perbuatan hukum; dengan catatan, bahwa ini tidak berlaku untuk perbuatan hukum yang hanya untuk memperoleh hak atau dibebaskan dari kewajiban.
(2) Perbuatan hukum yang bertentangan dengan ketentuan ayat sebelumnya dapat dibatalkan.
(Pemegang Hak untuk Membatalkan)
Pasal 120 (1) Tindakan yang dapat dibatalkan atas dasar kapasitas hukum yang berkualitas dari orang yang melakukan tindakan tersebut hanya dapat dibatalkan oleh orang dengan kapasitas hukum yang berkualitas (dalam kasus tindakan yang dilakukan oleh orang tersebut sebagai wakil hukum dari orang lain dengan kapasitas terbatas, termasuk orang lain tersebut dengan kapasitas terbatas), atau agen atau penerusnya, atau orang yang memiliki otoritas untuk memberikan persetujuan terhadapnya.
        </t1>
        <t2>
Ketika seorang anak di bawah umur mengadakan kontrak tanpa memperoleh persetujuan dari orang yang memiliki wewenang orang tua, anak di bawah umur tersebut tidak dapat sendiri membatalkan kontrak tanpa persetujuan dari orang yang memiliki wewenang orang tua sampai anak di bawah umur tersebut mencapai usia mayoritas.
        </t2>
    </pair>

    <pair id="R04-01-E" label="Y">
        <t1>
(Perbuatan Hukum oleh Anak di Bawah Umur)
Pasal 5 (1) Anak di bawah umur harus memperoleh persetujuan dari wali hukumnya untuk melakukan perbuatan hukum; dengan catatan, bahwa ini tidak berlaku untuk perbuatan hukum yang hanya untuk memperoleh hak atau dibebaskan dari kewajiban.
(2) Perbuatan hukum yang bertentangan dengan ketentuan ayat sebelumnya dapat dibatalkan.
(Persyaratan untuk Pengesahan)
Pasal 124 (1) Pengesahan suatu tindakan yang dapat dibatalkan tidak menjadi efektif kecuali jika dilakukan setelah keadaan yang membuat tindakan tersebut dapat dibatalkan berhenti ada dan orang yang meratifikasi tindakan tersebut menjadi sadar akan hak untuk membatalkannya.
(2) Dalam kasus berikut, pengesahan yang disebutkan dalam ayat sebelumnya tidak diharuskan dilakukan setelah keadaan yang membuat tindakan tersebut dapat dibatalkan berhenti ada:
(ii) jika orang dengan kapasitas hukum yang berkualitas (kecuali wali dewasa) melakukan ratifikasi dengan persetujuan dari wakil hukum, kurator atau asisten.
        </t1>
        <t2>
Ketika seorang anak di bawah umur mengadakan kontrak tanpa memperoleh persetujuan dari orang yang memiliki wewenang orang tua, anak di bawah umur tersebut tidak dapat sendiri meratifikasi kontrak tanpa persetujuan dari orang yang memiliki wewenang orang tua sampai anak di bawah umur tersebut mencapai usia mayoritas.
        </t2>
    </pair>

    <pair id="R04-02-A" label="N">
        <t1>
(Perbuatan Hukum oleh Wali Dewasa di Bawah Pengampuan)
Pasal 9 Perbuatan hukum yang dilakukan oleh wali dewasa dapat dibatalkan; dengan catatan, bahwa ini tidak berlaku untuk pembelian kebutuhan sehari-hari atau untuk tindakan lain yang terlibat dalam kehidupan sehari-hari.
        </t1>
        <t2>
Jika seorang dewasa yang di bawah perwalian memperoleh tanah dengan hadiah, wali dari dewasa yang di bawah perwalian tersebut tidak dapat membatalkan hadiah tersebut.
        </t2>
    </pair>

    <pair id="R04-02-U" label="N">
        <t1>
(Perbuatan Hukum oleh Wali Dewasa di Bawah Pengampuan)
Pasal 9 Perbuatan hukum yang dilakukan oleh wali dewasa dapat dibatalkan; dengan catatan, bahwa ini tidak berlaku untuk pembelian kebutuhan sehari-hari atau untuk tindakan lain yang terlibat dalam kehidupan sehari-hari.
(Kapasitas Agen untuk Bertindak)
Pasal 102 Tindakan yang dilakukan oleh seseorang dengan kapasitas hukum terbatas sebagai agen orang lain tidak dapat dibatalkan atas dasar kapasitas hukum terbatas; dengan ketentuan, bagaimanapun, bahwa ini tidak berlaku untuk tindakan yang dilakukan oleh seseorang dengan kapasitas hukum terbatas sebagai wakil hukum orang lain dengan kapasitas hukum terbatas.
        </t1>
        <t2>
Tindakan yang dilakukan oleh A, seorang dewasa yang di bawah perwalian, sebagai wakil hukum B, seorang anak di bawah umur, tidak dapat dibatalkan atas dasar kapasitas hukum yang berkualifikasi dari A.
        </t2>
    </pair>

    <pair id="R04-02-E" label="Y">
        <t1>
(Anak Kecil atau Wali Dewasa dan Penundaan Berakhirnya Masa Berlaku Rekomendasi)
Pasal 158 (2) Jika seorang anak kecil atau wali dewasa memiliki hak terhadap ayah, ibu, atau wali anak kecil atau wali dewasa tersebut yang mengelola properti, periode rekomendasi tidak berakhir terkait hak tersebut sampai enam bulan telah berlalu sejak anak kecil atau wali dewasa tersebut menjadi orang yang memiliki kapasitas bertindak, atau wakil hukum pengganti mengambil posisi.
        </t1>
        <t2>
Jika A, seorang dewasa yang di bawah perwalian, memiliki hak terhadap wali dari dewasa yang di bawah perwalian yang mengelola properti, periode preskripsi tidak akan berakhir terhadap hak tersebut sampai periode waktu yang ditetapkan oleh undang-undang berlalu dari waktu ketika A menjadi seseorang dengan kapasitas untuk bertindak, atau wakil hukum yang menggantikan mengambil posisi tersebut.
        </t2>
    </pair>

    <pair id="R04-03-A" label="N">
        <t1>
(Waktu Berlakunya Manifestasi Intensi)
Pasal 97 (1) Manifestasi intensi menjadi efektif pada saat pemberitahuan tentang hal itu mencapai pihak lain.
        </t1>
        <t2>
Manifestasi niat kepada seseorang yang berada jauh tidak akan efektif sampai pihak lain mengakuinya.
        </t2>
    </pair>

    <pair id="R04-03-I" label="N">
        <t1>
(Perbuatan Hukum oleh Anak di Bawah Umur)
Pasal 5 (1) Anak di bawah umur harus memperoleh persetujuan dari wali hukumnya untuk melakukan perbuatan hukum; dengan catatan, bahwa ini tidak berlaku untuk perbuatan hukum yang hanya untuk memperoleh hak atau dibebaskan dari kewajiban.
(2) Perbuatan hukum yang bertentangan dengan ketentuan ayat sebelumnya dapat dibatalkan.
(Hak untuk Menuntut Pihak Lain dalam Transaksi yang Melibatkan Orang dengan Kapasitas Hukum Terkualifikasi)
Pasal 20 (1) Setelah orang dengan kapasitas hukum terkualifikasi yang terlibat dalam transaksi dengan pihak lain menjadi orang dengan kapasitas bertindak hukum (berarti orang yang kapasitas bertindak hukumnya tidak terbatas; hal yang sama berlaku selanjutnya), pihak lain dalam transaksi tersebut dapat menetapkan periode satu bulan atau lebih dan menuntut agar orang tersebut memberikan jawaban pasti dalam periode waktu tersebut mengenai apakah orang tersebut akan meratifikasi tindakan yang dapat dibatalkan oleh orang tersebut. Dalam kasus seperti itu, jika orang tersebut gagal mengirimkan jawaban pasti dalam periode waktu tersebut, orang tersebut dianggap telah meratifikasi tindakan tersebut.
(2) Kalimat kedua dari ayat sebelumnya juga berlaku jika, sebelum orang dengan kapasitas hukum terkualifikasi menjadi orang dengan kapasitas bertindak hukum, pihak lain dalam transaksi yang melibatkan orang dengan kapasitas hukum terkualifikasi mengajukan tuntutan sebagaimana dimaksud dalam ayat sebelumnya kepada wali hukum, kurator, atau asisten orang tersebut berkaitan dengan tindakan dalam lingkup wewenang mereka, dan mereka gagal mengirimkan jawaban pasti dalam periode waktu yang ditetapkan dalam ayat tersebut.
        </t1>
        <t2>
B, yang mengadakan kontrak dengan A, seorang anak di bawah umur, menuntut C, wakil hukum dari A, untuk memberikan jawaban pasti apakah C akan meratifikasi kontrak tersebut. Dalam kasus ini, jika C gagal mengirim jawaban pasti dalam periode waktu yang ditetapkan oleh B, C dianggap telah membatalkan tindakan tersebut.
        </t2>
    </pair>

    <pair id="R04-03-U" label="Y">
        <t1>
(Reservasi Mental)
Pasal 93 (1) Keabsahan manifestasi intensi tidak terganggu meskipun orang yang membuatnya melakukannya sambil mengetahui bahwa itu tidak mencerminkan intensi sebenarnya dari orang tersebut; dengan ketentuan, bagaimanapun, bahwa jika pihak lain mengetahui atau seharusnya mengetahui bahwa manifestasi tersebut bukanlah intensi sebenarnya dari orang yang membuatnya, maka manifestasi intensi tersebut batal.
(2) Ketidakabsahan manifestasi intensi berdasarkan ketentuan proviso pada ayat sebelumnya tidak dapat diklaim secara sah terhadap pihak ketiga yang beritikad baik.
        </t1>
        <t2>
Ketidakabsahan manifestasi niat berdasarkan reservasi mental tidak dapat secara sah ditegakkan terhadap pihak ketiga yang beritikad baik dengan kelalaian.
        </t2>
    </pair>

    <pair id="R04-03-E" label="N">
        <t1>
(Kesalahan)
Pasal 95 (3) Jika kesalahan disebabkan oleh kelalaian besar dari pihak yang membuat manifestasi intensi, orang tersebut tidak dapat membatalkan manifestasi intensi seperti pada ayat (1), kecuali dalam kasus berikut:
(ii) jika pihak lain berada dalam kesalahan yang sama seperti pihak yang membuat manifestasi intensi.
        </t1>
        <t2>
Manifestasi niat berdasarkan kesalahan tidak dapat dibatalkan jika kesalahan tersebut disebabkan oleh kelalaian besar dari pihak yang membuat manifestasi niat, dan pihak lain berada dalam kesalahan yang sama seperti pihak yang membuat manifestasi niat.
        </t2>
    </pair>

    <pair id="R04-03-O" label="Y">
        <t1>
(Penipuan atau Paksaan)
Pasal 96 (1) Manifestasi intensi yang didasarkan pada penipuan atau paksaan dapat dibatalkan.
(2) Jika pihak ketiga melakukan penipuan yang menginduksi pihak pertama untuk membuat manifestasi intensi kepada pihak kedua, manifestasi intensi tersebut hanya dapat dibatalkan jika pihak kedua mengetahui atau seharusnya mengetahui fakta tersebut.
        </t1>
        <t2>
Jika pihak ketiga melakukan paksaan yang memaksa pihak pertama untuk membuat manifestasi niat kepada pihak kedua, manifestasi niat tersebut dapat dibatalkan meskipun pihak kedua mungkin tidak mengetahui fakta tersebut.
        </t2>
    </pair>

    <pair id="R04-04-A" label="Y">
        <t1>
(Pemegang Hak untuk Membatalkan)
Pasal 120 (1) Tindakan yang dapat dibatalkan atas dasar kapasitas hukum yang berkualitas dari orang yang melakukan tindakan tersebut hanya dapat dibatalkan oleh orang dengan kapasitas hukum yang berkualitas (dalam kasus tindakan yang dilakukan oleh orang tersebut sebagai wakil hukum dari orang lain dengan kapasitas terbatas, termasuk orang lain tersebut dengan kapasitas terbatas), atau agen atau penerusnya, atau orang yang memiliki otoritas untuk memberikan persetujuan terhadapnya.
(2) Tindakan yang dapat dibatalkan atas dasar kesalahan, penipuan, atau paksaan hanya dapat dibatalkan oleh orang yang membuat manifestasi niat yang cacat, atau agen atau penerusnya.
        </t1>
        <t2>
Seorang penjamin dari suatu kewajiban yang timbul dari tindakan hukum yang dapat dibatalkan tidak dapat membatalkan tindakan hukum tersebut.
        </t2>
    </pair>

    <pair id="R04-04-I" label="Y">
        <t1>
(Pemegang Hak untuk Membatalkan)
Pasal 120 (1) Tindakan yang dapat dibatalkan atas dasar kapasitas hukum yang berkualitas dari orang yang melakukan tindakan tersebut hanya dapat dibatalkan oleh orang dengan kapasitas hukum yang berkualitas (dalam kasus tindakan yang dilakukan oleh orang tersebut sebagai wakil hukum dari orang lain dengan kapasitas terbatas, termasuk orang lain tersebut dengan kapasitas terbatas), atau agen atau penerusnya, atau orang yang memiliki otoritas untuk memberikan persetujuan terhadapnya.
(Pengesahan Tindakan yang Dapat Dibatalkan)
Pasal 122 Tindakan yang dapat dibatalkan tidak dapat dibatalkan setelah orang yang disebutkan dalam Pasal 120 meratifikasinya.
        </t1>
        <t2>
A, seorang yang di bawah kurator, tidak dapat membatalkan tindakan hukum oleh A setelah wakil hukum meratifikasi tindakan hukum tersebut.
        </t2>
    </pair>

    <pair id="R04-04-U" label="N">
        <t1>
(Penipuan atau Paksaan)
Pasal 96 (1) Manifestasi intensi yang didasarkan pada penipuan atau paksaan dapat dibatalkan.
(2) Jika pihak ketiga melakukan penipuan yang menginduksi pihak pertama untuk membuat manifestasi intensi kepada pihak kedua, manifestasi intensi tersebut hanya dapat dibatalkan jika pihak kedua mengetahui atau seharusnya mengetahui fakta tersebut.
(Cara Pembatalan dan Pengesahan)
Pasal 123 Jika pihak lawan dari suatu tindakan yang dapat dibatalkan telah diidentifikasi, pembatalan atau pengesahan tindakan tersebut dilakukan dengan manifestasi niat kepada pihak lawan.
        </t1>
        <t2>
Jika A membuat manifestasi niat menjual barang tidak bergerak kepada C karena penipuan oleh B, pihak ketiga, pembatalan tindakan tersebut dilakukan dengan manifestasi niat kepada B dan C.
        </t2>
    </pair>

    <pair id="R04-04-E" label="N">
        <t1>
(Akibat Pembatalan)
Pasal 121 Tindakan yang telah dibatalkan dianggap tidak sah ab initio.
(Kewajiban Pemulihan)
Pasal 121-2 (1) Orang yang menerima pembayaran atau pengiriman sebagai pelaksanaan kewajiban berdasarkan tindakan yang tidak sah memiliki kewajiban untuk mengembalikan pihak lain ke keadaan semula.
(3) Tanpa mengabaikan ketentuan ayat (1), orang yang tidak memiliki kapasitas mental pada saat melakukan tindakan memiliki kewajiban untuk mengembalikan sejauh saat ini diperkaya oleh tindakan tersebut. Hal yang sama berlaku untuk orang yang merupakan orang dengan kapasitas hukum yang berkualitas pada saat melakukan tindakan.
        </t1>
        <t2>
Jika pinjaman uang yang dibuat oleh A, seorang di bawah kurator, dibatalkan, A memiliki kewajiban untuk mengembalikan seluruh jumlah pinjaman kepada pemberi pinjaman, meskipun pinjaman tersebut telah dihabiskan untuk judi sampai saat itu.
        </t2>
    </pair>

    <pair id="R04-04-O" label="N">
        <t1>
(Batasan Periode Hak untuk Membatalkan)
Pasal 126 Hak untuk membatalkan suatu tindakan hilang oleh operasi preskripsi jika tidak dilaksanakan dalam waktu lima tahun sejak waktu ketika menjadi mungkin untuk meratifikasi tindakan tersebut. Hal yang sama berlaku jika telah berlalu 20 tahun sejak waktu tindakan.
        </t1>
        <t2>
Hak untuk membatalkan suatu tindakan dihapuskan oleh operasi preskripsi jika tidak dilakukan dalam waktu lima tahun sejak tindakan yang dapat dibatalkan.
        </t2>
    </pair>

    <pair id="R04-05-U" label="Y">
        <t1>
(Pemanggilan Rekomendasi)
Pasal 145 Pengadilan tidak boleh membuat keputusan hukum yang mengandalkan rekomendasi kecuali pihak (dalam kasus rekomendasi yang membatalkan, termasuk penjamin, penyedia jaminan pihak ketiga, penerima pihak ketiga, atau orang lain yang memiliki kepentingan sah dalam pemadaman hak) memanggilnya.
        </t1>
        <t2>
Orang yang memperoleh Tanah X setelah hipotek telah dibuat pada Tanah X dan penciptaannya telah didaftarkan dapat mengajukan preskripsi pemusnahan terhadap klaim yang dijamin di bawah hipotek.
        </t2>
    </pair>

    <pair id="R04-06-A" label="N">
        <t1>
(Syarat Penyelesaian Perubahan dalam Hak Milik Nyata atas Tanah)
Pasal 177 Perolehan, kehilangan, dan perubahan dalam hak milik nyata atas tanah tidak dapat diklaim secara sah terhadap pihak ketiga, kecuali hal tersebut terdaftar sesuai dengan ketentuan yang berlaku dari Undang-Undang Pendaftaran Properti Nyata (Undang-Undang No. 123 tahun 2004) dan undang-undang lain mengenai pendaftaran.
        </t1>
        <t2>
A menjual Bangunan X, yang dimiliki oleh A, kepada B, tetapi pendaftaran pelestarian kepemilikan Bangunan X belum dilakukan. Dalam kasus ini, B dapat dengan sah menegaskan perolehan kepemilikan terhadap pihak ketiga tanpa pendaftaran atas nama B.
        </t2>
    </pair>

    <pair id="R04-07-A" label="N">
        <t1>
(Penggabungan Hak)
Pasal 179 (1) Jika kepemilikan dan hak milik nyata lain atas barang yang sama diperoleh oleh orang yang sama, hak milik nyata lainnya padam; dengan catatan, hal ini tidak berlaku jika barang tersebut atau hak milik nyata lainnya merupakan objek hak pihak ketiga.
        </t1>
        <t2>
A membuat hipotek peringkat pertama untuk keuntungan B dan hipotek peringkat kedua untuk keuntungan C pada Tanah X, yang dimiliki oleh A. Dalam kasus ini, jika B membeli Tanah X dari A, hipotek untuk B akan dihapuskan.
        </t2>
    </pair>

    <pair id="R04-07-I" label="N">
        <t1>
(Penggabungan Hak)
Pasal 179 (1) Jika kepemilikan dan hak milik nyata lain atas barang yang sama diperoleh oleh orang yang sama, hak milik nyata lainnya padam; dengan catatan, hal ini tidak berlaku jika barang tersebut atau hak milik nyata lainnya merupakan objek hak pihak ketiga.
        </t1>
        <t2>
A membuat hak atas tanah (superficies) pada Tanah X, yang dimiliki oleh A, untuk keuntungan B, dan B membuat hipotek atas hak atas tanah tersebut untuk keuntungan C. Dalam hal ini, jika A meninggal dan B adalah satu-satunya ahli waris, hak atas tanah untuk B akan dihapuskan.
        </t2>
    </pair>

    <pair id="R04-07-O" label="Y">
        <t1>
(Penggabungan Hak)
Pasal 179 (1) Jika kepemilikan dan hak milik nyata lain atas barang yang sama diperoleh oleh orang yang sama, hak milik nyata lainnya padam; dengan catatan, hal ini tidak berlaku jika barang tersebut atau hak milik nyata lainnya merupakan objek hak pihak ketiga.
        </t1>
        <t2>
A membuat hak atas tanah (superficies) pada Tanah X, yang dimiliki oleh A, untuk keuntungan B, dan B menyewakan Bangunan Y, yang dibangun di Tanah X, kepada C. Dalam hal ini, jika A meninggal dan B adalah satu-satunya ahli waris, hak atas tanah untuk B akan dihapuskan.
        </t2>
    </pair>

    <pair id="R04-08-A" label="N">
        <t1>
(Syarat Penyelesaian Pengalihan Hak Milik Nyata Mengenai Barang Bergerak)
Pasal 178 Pengalihan hak milik nyata atas barang bergerak tidak dapat diklaim secara sah terhadap pihak ketiga, kecuali barang bergerak tersebut diserahkan.
(Pengalihan Kepemilikan oleh Instruksi)
Pasal 184 Jika suatu barang dimiliki melalui agen, prinsipal memerintahkan agen tersebut untuk selanjutnya memegang barang tersebut atas nama pihak ketiga, dan pihak ketiga tersebut menyetujuinya, pihak ketiga memperoleh hak kepemilikan.
        </t1>
        <t2>
A menjual Lukisan X, yang dimiliki oleh A, kepada C sambil menitipkannya pada B dan memerintahkan B untuk selanjutnya memiliki X atas nama C, dan B menyetujuinya. Dalam hal ini, C dapat dengan sah menegaskan perolehan kepemilikan X terhadap pihak ketiga manapun.
        </t2>
    </pair>

    <pair id="R04-08-O" label="Y">
        <t1>
(Penyerahan Faktual dan Penyerahan Ringkas)
Pasal 182
(2) Jika penerima pengalihan atau agen penerima pengalihan sedang memegang barang yang dimiliki, pengalihan hak kepemilikan dapat dilakukan hanya dengan manifestasi niat para pihak.
(Syarat Penyelesaian Pengalihan Hak Milik Nyata Mengenai Barang Bergerak)
Pasal 178 Pengalihan hak milik nyata atas barang bergerak tidak dapat diklaim secara sah terhadap pihak ketiga, kecuali barang bergerak tersebut diserahkan.
        </t1>
        <t2>
B menyimpan Lukisan X, yang dimiliki oleh A, dari A dan memilikinya. Kemudian B membeli X dari A, dan A serta B menyatakan niat untuk mentransfer kepemilikan kepada B. Dalam hal ini, B dapat dengan sah menegaskan perolehan kepemilikan X terhadap pihak ketiga manapun.
        </t2>
    </pair>

    <pair id="R04-09-A" label="Y">
        <t1>
Pasal 211 (1) Dalam kasus yang disebutkan di Pasal sebelumnya, lokasi dan metode perlintasan harus dipilih agar memenuhi kebutuhan orang yang berhak atas hak lewat berdasarkan ketentuan Pasal tersebut dan menyebabkan kerusakan paling sedikit pada tanah lain.
        </t1>
        <t2>
Tanah X, yang dimiliki oleh A, dikelilingi oleh tanah lain dan tidak memiliki akses ke jalan umum, dan Tanah Y, yang dimiliki oleh B, mengelilingi Tanah X. A memiliki hak untuk melewati Tanah Y untuk mencapai jalan umum. Dalam hal ini, lokasi dan metode perjalanan harus dipilih agar memenuhi kebutuhan A dan menyebabkan kerusakan paling kecil pada Tanah Y.
        </t2>
    </pair>

    <pair id="R04-09-I" label="N">
        <t1>
Pasal 211
(2) Orang yang memiliki hak lewat berdasarkan ketentuan Pasal sebelumnya dapat membangun jalan jika diperlukan.
        </t1>
        <t2>
Tanah X, yang dimiliki oleh A, dikelilingi oleh tanah lain dan tidak memiliki akses ke jalan umum, dan Tanah Y, yang dimiliki oleh B, mengelilingi Tanah X. A memiliki hak untuk melewati Tanah Y untuk mencapai jalan umum. Dalam hal ini, A harus memperoleh persetujuan B untuk membangun jalan di Tanah Y.
        </t2>
    </pair>

    <pair id="R04-09-U" label="Y">
        <t1>
(Penerapan Ketentuan Mengenai Hubungan Tetangga secara Mutatis Mutandis)
Pasal 267 Ketentuan Bagian 1, Subbagian 2 Bab sebelumnya (Hubungan Tetangga) berlaku juga antara superfisiari atau antara superfisiari dan pemilik tanah; dengan ketentuan, bahwa penerapan mutatis mutandis ketentuan Pasal 229 kepada superfisiari terbatas pada saat struktur di garis batas dipasang setelah pembentukan superfisies.
(Hak Lewat Melalui Tanah Lain untuk Akses ke Jalan Umum)
Pasal 210 (1) Seorang pemilik tanah yang dikelilingi oleh tanah lain dan tidak memiliki akses ke jalan umum dapat melewati tanah lain yang mengelilingi tanah pemilik tersebut untuk mencapai jalan umum.
        </t1>
        <t2>
Tanah X, yang dimiliki oleh A, dikelilingi oleh tanah lain dan tidak memiliki akses ke jalan umum, dan Tanah Y, yang dimiliki oleh B, mengelilingi Tanah X. A memiliki hak untuk melewati Tanah Y untuk mencapai jalan umum. Dalam hal ini, C, penerima hak atas tanah dari Tanah X, dapat melewati Tanah Y tanpa persetujuan B.
        </t2>
    </pair>

    <pair id="R04-10-U" label="Y">
        <t1>
(Kewajiban untuk Menanggung Beban Terkait Properti dalam Kepemilikan Bersama)
Pasal 253
(2) Jika pemilik bersama tidak melaksanakan kewajiban yang disebutkan di ayat sebelumnya dalam waktu satu tahun, pemilik bersama lainnya dapat memperoleh kepemilikan bersama tersebut dengan membayar kompensasi yang wajar.
        </t1>
        <t2>
A, B, dan C bersama-sama memiliki Tanah X dengan kepentingan sepertiga masing-masing. Jika satu tahun telah berlalu tanpa A melakukan kewajiban untuk membayar B biaya pengelolaan Tanah X, B dapat memperoleh kepentingan A dengan membayar kompensasi yang wajar.
        </t2>
    </pair>

    <pair id="R04-10-O" label="Y">
        <t1>
(Pembayaran Tuntutan Mengenai Kepemilikan Bersama)
Pasal 259 (1) Jika salah satu dari pemilik bersama memiliki klaim mengenai kepemilikan bersama terhadap pemilik bersama lainnya, pada saat pembagian, bagian dari properti dalam kepemilikan bersama yang dimiliki oleh debitur dapat digunakan untuk pembayaran yang sama.
        </t1>
        <t2>
A, B, dan C bersama-sama memiliki Tanah X dengan kepentingan sepertiga masing-masing. Dalam hal ini, jika A memiliki klaim atas biaya pengelolaan Tanah X terhadap B, pada saat pemisahan Tanah X secara nyata, bagian yang akan menjadi milik B dapat digunakan untuk pembayaran hal yang sama.
        </t2>
    </pair>

    <pair id="R04-11-A" label="N">
        <t1>
(Isi Hak Penahanan)
Pasal 295
(2) Ketentuan ayat sebelumnya tidak berlaku jika kepemilikan dimulai dengan perbuatan melawan hukum.
        </t1>
        <t2>
A mulai memegang Bangunan X, yang dimiliki oleh B, sementara mengetahui tidak ada hak, dan kemudian A memperoleh klaim yang timbul terkait dengan X. Dalam hal ini, A dapat menahan X sampai klaim tersebut terpenuhi.
        </t2>
    </pair>

    <pair id="R04-11-U" label="N">
        <t1>
(Perluasan Jaminan Kepentingan ke Hasil Jaminan)
Pasal 304 (1) Hak gadai statuter juga dapat dilaksanakan terhadap barang termasuk uang yang akan diterima debitur sebagai hasil penjualan, sewa atau kerugian, atau kerusakan dari objek hak gadai statuter; dengan syarat, pemegang hak gadai statuter harus menempelkan hal yang sama sebelum pembayaran atau pengiriman uang atau barang lainnya.
        </t1>
        <t2>
Pemegang hak penahanan juga dapat menggunakan hak penahanan atas klaim asuransi yang harus diterima oleh debitur karena kehilangan barang yang ditahan, dengan menempelkannya.
        </t2>
    </pair>

    <pair id="R04-11-E" label="N">
        <t1>
(Penyimpanan Benda yang Ditahan oleh Pemegang Hak Penahanan)
Pasal 298
(2) Pemegang hak penahanan tidak boleh menggunakan, menyewakan, atau memberikan sebagai jaminan benda yang ditahan kecuali pemegang hak tersebut mendapatkan persetujuan dari pihak yang berutang; dengan ketentuan bahwa hal ini tidak berlaku untuk penggunaan yang diperlukan untuk pelestarian benda tersebut.
(3) Jika pemegang hak penahanan melanggar ketentuan dua ayat sebelumnya, pihak yang berutang dapat menuntut agar hak penahanan dihentikan.
        </t1>
        <t2>
Pemegang hak penahanan menyewakan barang yang ditahan tanpa memperoleh persetujuan dari debitur. Dalam hal ini, jika sewa berakhir dan barang yang ditahan dikembalikan kepada pemegang, debitur tidak dapat menuntut agar hak penahanan diakhiri.
        </t2>
    </pair>

    <pair id="R04-12-A" label="N">
        <t1>
(Isi Hak Gadai Statuter)
Pasal 303 Pemegang hak gadai statuter memiliki hak untuk memuaskan tuntutan pemegang hak tersebut terlebih dahulu dibandingkan dengan pihak berpiutang lainnya dari aset debitur terkait sesuai dengan ketentuan undang-undang termasuk Undang-Undang ini.
        </t1>
        <t2>
A menjual Alat Mekanis X, yang dimiliki oleh A, kepada B dan menyerahkan X kepada B. Dalam hal ini, jika B tidak melakukan kewajiban pembayaran bahkan setelah tanggal jatuh tempo tiba, A dapat menuntut pengiriman X terhadap B berdasarkan hak gadai statutoris.
        </t2>
    </pair>

    <pair id="R04-12-U" label="Y">
        <t1>
(Konflik antara Gadai Statutoris dan Gadai atas Barang Bergerak)
Pasal 334 Jika terdapat konflik antara gadai statutoris dan gadai atas barang bergerak, penerima gadai barang bergerak tersebut memiliki hak yang sama dengan pemegang gadai statutoris peringkat pertama berdasarkan Pasal 330.
(Urutan Prioritas Hak Gadai Statuter atas Barang Bergerak)
Pasal 330 (1) Jika ada beberapa gadai statuter khusus yang bersaing atas barang bergerak yang sama, urutan prioritas mengikuti urutan yang ditetapkan di bawah ini. Dalam hal ini, jika ada dua atau lebih penyelamat berkaitan dengan gadai statuter untuk pemeliharaan barang bergerak yang ditetapkan dalam butir (ii), penyelamat baru memiliki prioritas atas penyelamat sebelumnya:
(i) gadai statuter untuk sewa tanah tidak bergerak, penginapan di hotel dan transportasi;
(ii) gadai statuter untuk pemeliharaan barang bergerak; dan
(iii) gadai statuter untuk penjualan barang bergerak, penyediaan benih dan bibit atau pupuk, tenaga kerja pertanian dan tenaga kerja industri.
(2) Dalam kasus yang disebutkan dalam ayat sebelumnya, jika pemegang gadai statuter yang berada pada urutan pertama mengetahui pada saat memperoleh klaim yang relevan tentang keberadaan pemegang gadai statuter yang berada pada urutan kedua atau ketiga, pemegang tersebut tidak dapat menggunakan hak prioritas yang relevan terhadap orang-orang tersebut. Hal yang sama berlaku untuk pelaksanaan terhadap orang-orang yang telah memelihara barang atas nama pemegang gadai statuter urutan pertama.
        </t1>
        <t2>
A menjual Alat Mekanis X, yang dimiliki oleh A, kepada B dan menyerahkan X kepada B. Kemudian B membuat gadai pada X untuk keuntungan C dan menyelesaikan penyerahan, dan pada saat C memperoleh gadai, C tidak mengetahui bahwa A memiliki hak gadai statutoris. Dalam hal ini, gadai untuk C akan memiliki prioritas atas hak gadai statutoris untuk A.
        </t2>
    </pair>

    <pair id="R04-13-U" label="Y">
        <t1>
(Pengumpulan Klaim oleh Pemegang Gadai)
Pasal 366
(2) Jika uang merupakan subjek klaim yang digadaikan, pemegang gadai dapat mengumpulkan uang tersebut sejauh bagian yang sesuai dengan jumlah klaim pemegang gadai.
        </t1>
        <t2>
B membuat gadai atas Klaim Pinjaman Y dari B terhadap C untuk mengamankan Klaim Pinjaman X dari A terhadap B, dan B memberitahu C secara lisan tentang hal tersebut. Dalam hal ini, jika Klaim X dan Klaim Y kedua-duanya jatuh tempo, A dapat langsung mengumpulkan Klaim Y dari C sampai batas jumlah yang sesuai dengan jumlah Klaim X.
        </t2>
    </pair>

    <pair id="R04-13-E" label="Y">
        <t1>
(Pengumpulan Klaim oleh Pemegang Gadai)
Pasal 366
(3) Jika tanggal jatuh tempo klaim yang digadaikan yang diacu dalam ayat sebelumnya tiba sebelum tanggal jatuh tempo klaim pemegang gadai, pemegang gadai dapat meminta pihak ketiga debitur menyetor jumlah yang akan dibayarkan kepada pemegang gadai pada lembaga penyimpanan resmi. Dalam kasus ini, gadai ada atas jumlah yang disetorkan.
        </t1>
        <t2>
B membuat gadai atas Klaim Pinjaman Y dari B terhadap C untuk mengamankan Klaim Pinjaman X dari A terhadap B, dan B memberitahu C secara lisan tentang hal tersebut. Dalam hal ini, jika tanggal jatuh tempo Klaim Y tiba sebelum tanggal jatuh tempo Klaim X, A dapat meminta C untuk menyetorkan jumlah yang harus dibayarkan ke deposito resmi.
        </t2>
    </pair>

    <pair id="R04-13-O" label="N">
        <t1>
(Penerapan Mutatis Mutandis Ketentuan tentang Hak Penahanan dan Hak Gadai Statuter)
Pasal 350 Ketentuan Pasal 296 hingga 300 dan ketentuan Pasal 304 berlaku mutatis mutandis terhadap gadai.
(Pengumpulan Buah oleh Pemegang Hak Penahanan)
Pasal 297 (1) Pemegang hak penahanan dapat mengumpulkan buah-buahan yang berasal dari benda yang ditahan, dan mengalokasikannya untuk memuaskan tuntutan pemegang hak tersebut sebelum kreditor lain.
        </t1>
        <t2>
B membuat gadai atas Klaim Pinjaman Y dari B terhadap C untuk mengamankan Klaim Pinjaman X dari A terhadap B, dan B memberitahu C secara lisan tentang hal tersebut. Dalam hal ini, ruang lingkup efek dari gadai klaim tersebut tidak akan meluas ke bunga yang timbul dari Klaim Y.
        </t2>
    </pair>

    <pair id="R04-14-A" label="Y">
        <t1>
(Persyaratan untuk Penyempurnaan Disposisi Hipotek)
Pasal 377 (1) Dalam kasus-kasus dalam Pasal sebelumnya, pemegang gadai tidak dapat secara sah menegaskan penyelesaian gadai terhadap pihak utang pokok, penjamin, pemegang gadai, atau penerus mereka masing-masing kecuali penyelesaian tersebut diberitahukan kepada pihak utang pokok atau pihak utang pokok menyetujui penyelesaian tersebut sesuai dengan ketentuan Pasal 467.
(Disposisi Hipotek)
Pasal 376 (1) Pemegang hipotek dapat menerapkan hipotek untuk mengamankan klaim lain, atau mengalihkan atau melepaskan hipotek tersebut, atau urutan prioritasnya, demi keuntungan kreditor lain dari debitur yang sama.
        </t1>
        <t2>
A membuat hipotek atas Tanah X, yang dimiliki oleh A, untuk mengamankan kewajiban terhadap B, dan B mengalihkan hipotek tersebut kepada C, yang merupakan kreditur umum dari A. Dalam hal ini, C tidak dapat dengan sah menegaskan pengalihan hipotek tersebut terhadap A kecuali jika B memberitahu A tentang hal ini atau A menyetujui hal ini.
        </t2>
    </pair>

    <pair id="R04-14-U" label="N">
        <t1>
(Perubahan Urutan Prioritas Gadai)
Pasal 374 (1) Urutan prioritas gadai dapat diubah dengan persetujuan semua pemegang gadai; dengan ketentuan, bahwa jika ada pihak yang berkepentingan, persetujuan mereka harus diperoleh.
        </t1>
        <t2>
A membuat hipotek peringkat pertama untuk keuntungan B, hipotek peringkat kedua untuk keuntungan C, dan hipotek peringkat ketiga untuk keuntungan D atas Tanah X, yang dimiliki oleh A. Dalam hal ini, persetujuan C tidak diperlukan untuk mengubah urutan prioritas hipotek menjadi urutan D, C, dan B.
        </t2>
    </pair>

    <pair id="R04-14-E" label="N">
        <t1>
(Lelang Bangunan di Atas Tanah yang Diberi Hipotek)
Pasal 389 (1) Jika sebuah bangunan dibangun di atas tanah yang dihipotek setelah pembuatan hipotek, pemegang hipotek dapat melelang bangunan bersama dengan tanah; dengan ketentuan, bahwa hak prioritas pemegang hipotek tersebut hanya dapat dilaksanakan terhadap hasil dari tanah.
        </t1>
        <t2>
A membuat hipotek atas Tanah X, yang merupakan tanah kosong dan dimiliki oleh A, untuk keuntungan B, dan kemudian membangun Bangunan Y di Tanah X. Dalam hal ini, jika B menegakkan hipotek dan melelang Tanah X dan Bangunan Y sekaligus, B dapat menerima pembayaran preferensial dari hasil penjualan Bangunan Y.
        </t2>
    </pair>

    <pair id="R04-14-O" label="Y">
        <t1>
(Pemenuhan Langsung Gadai dengan Harga Pembelian)
Pasal 378 Jika pihak ketiga yang membeli kepemilikan atau hak atas tanah dari benda tidak bergerak yang digadaikan membayar harga tersebut kepada pemegang gadai atas permintaan pemegang gadai yang sama, gadai tersebut berakhir untuk keuntungan pihak ketiga tersebut.
        </t1>
        <t2>
A membuat hipotek atas Tanah X, yang dimiliki oleh A, untuk keuntungan B dan kemudian menjual Tanah X kepada C. Dalam hal ini, jika C membayar harga yang sama kepada B atas permintaan B, hipotek tersebut akan diakhiri.
        </t2>
    </pair>

    <pair id="R04-16-I" label="N">
        <t1>
(Keterlambatan Penerima dalam Penerimaan)
Pasal 413 (1) Jika kreditur menolak, atau tidak mampu, untuk menerima pelaksanaan suatu kewajiban, dan subjek dari kewajiban tersebut adalah penyampaian suatu barang tertentu, cukup bagi debitur untuk menyimpan barang tersebut dengan memperhatikan perawatan yang identik dengan yang diberikan debitur pada miliknya sendiri, selama periode dari saat penawaran pelaksanaan sampai penyampaian barang.
        </t1>
        <t2>
Penjual suatu barang tertentu menawarkan pelaksanaan kewajiban pengiriman barang tersebut. Dalam hal ini, jika pembeli tidak dapat menerima barang tersebut, penjual harus menyimpan barang tersebut dengan perawatan yang layak dari seorang manajer yang bijaksana, yang ditentukan berdasarkan kontrak dan akal sehat dalam transaksi, dari waktu penawaran pelaksanaan sampai selesainya pengiriman.
        </t2>
    </pair>

    <pair id="R04-16-U" label="Y">
        <t1>
(Keterlambatan Penerima dalam Penerimaan)
Pasal 413
(2) Jika penolakan atau ketidakmampuan kreditur untuk menerima pelaksanaan kewajiban mengakibatkan peningkatan biaya untuk pelaksanaan, jumlah kenaikan tersebut ditanggung oleh kreditur.
        </t1>
        <t2>
Penjual suatu barang tertentu menawarkan pelaksanaan kewajiban pengiriman barang tersebut. Dalam hal ini, jika pembeli tidak dapat menerima barang tersebut, pembeli harus menanggung biaya yang diperlukan untuk penjual untuk terus menyimpan barang tersebut dalam pengawasan.
        </t2>
    </pair>

    <pair id="R04-16-E" label="Y">
        <t1>
(Dampak Penenderan Pelaksanaan)
Pasal 492 Dengan menenderkan pelaksanaan, debitur terbebas dari tanggung jawab apapun yang mungkin timbul dari ketidakpelaksanaan kewajiban.
        </t1>
        <t2>
Penjual suatu barang tertentu menawarkan pelaksanaan kewajiban pengiriman barang tersebut. Dalam hal ini, jika pembeli tidak dapat menerima barang tersebut, penjual akan dibebaskan dari tanggung jawab atas keterlambatan sejak waktu penjual menawarkan pelaksanaan.
        </t2>
    </pair>

    <pair id="R04-16-O" label="N">
        <t1>
(Transfer Risiko atas Kehilangan Subjek Materi)
Pasal 567
(2) Ayat sebelumnya juga berlaku jika penjual menawarkan pelaksanaan kewajiban penyerahan dengan menyerahkan barang yang sesuai dengan ketentuan kontrak, tetapi pembeli menolak untuk menerima atau tidak dapat menerima pelaksanaan tersebut, dan barang tersebut hilang atau rusak setelah waktu penawaran pelaksanaan karena alasan yang tidak dapat diatribusikan kepada kedua belah pihak.
        </t1>
        <t2>
Penjual suatu barang tertentu menawarkan pelaksanaan kewajiban pengiriman barang tersebut. Pembeli menolak menerima barang tersebut, dan setelah itu barang tersebut hilang karena alasan yang tidak dapat diatributkan kepada penjual maupun pembeli. Dalam hal ini, pembeli dapat membatalkan kontrak.
        </t2>
    </pair>

    <pair id="R04-18-A" label="N">
        <t1>
(Pelaksanaan)
Pasal 473 Jika debitur melakukan kewajiban kepada kreditur, tuntutan tersebut padam.
(Pertahanan Pihak Lain)
Pasal 423-4 Jika kreditur menggunakan hak subrogasi, pihak lain dapat dengan semestinya menegaskan terhadap kreditur setiap pertahanan yang dapat diajukan terhadap debitur.
        </t1>
        <t2>
A meminta pelaksanaan klaim moneter dari B terhadap C berdasarkan hak subrogasi kreditur untuk mempertahankan klaim A terhadap B, tetapi C telah melakukan kewajiban moneter terhadap B sebelum tanggal jatuh tempo. Dalam hal ini, C tidak dapat dengan sah menegaskan pemusnahan klaim oleh pelaksanaan terhadap A.
        </t2>
    </pair>

    <pair id="R04-18-U" label="Y">
        <t1>
(Lingkup Penggunaan melalui Subrogasi)
Pasal 423-2 Jika kreditur menggunakan hak subrogasi, dan objek hak subrogasi tersebut dapat dibagi, kreditur hanya dapat menggunakan hak subrogasi tersebut sampai batas jumlah tuntutan kreditur sendiri.
        </t1>
        <t2>
Jika A memiliki klaim moneter terhadap B, dan B memiliki klaim moneter terhadap C, A tidak dapat mengeksekusi klaim B terhadap C melebihi jumlah klaim A, berdasarkan hak subrogasi kreditur untuk mempertahankan klaim A terhadap B.
        </t2>
    </pair>

    <pair id="R04-18-O" label="N">
        <t1>
(Hak Pihak Berhak untuk Subrogasi dalam Mempertahankan Hak untuk Meminta Pendaftaran)
Pasal 423-7 Orang yang memperoleh properti dari orang lain melalui penyerahan hak, di mana perolehan atau kehilangan hak dan perubahan hak tidak dapat ditegakkan secara layak terhadap pihak ketiga kecuali terdaftar, dapat menggunakan hak pemberi hak untuk meminta pihak ketiga menyelesaikan prosedur pendaftaran jika pemberi hak tidak menggunakan hak tersebut. Dalam kasus seperti itu, ketentuan tiga Pasal sebelumnya berlaku secara mutatis mutandis.
        </t1>
        <t2>
B membeli tanah dari pemiliknya C dan menjualnya kembali kepada A. Dalam hal ini, jika B tidak menggunakan hak untuk meminta pendaftaran transfer kepemilikan terhadap C, A dapat meminta C secara langsung untuk mentransfer pendaftaran kepada A berdasarkan hak subrogasi kreditur untuk mempertahankan klaim A terhadap B.
        </t2>
    </pair>

    <pair id="R04-19-A" label="Y">
        <t1>
(Jaminan untuk Kewajiban yang Dapat Dibatalkan)
Pasal 449 Jika penjamin yang menjamin kewajiban yang dapat dibatalkan karena kapasitas terbatas dari debitur utama untuk bertindak, mengetahui, pada saat memasuki kontrak jaminan, penyebab pembatalannya, penjamin tersebut dianggap telah mengambil alih kewajiban yang independen dari subjek yang sama dalam hal ketidaklaksanaan oleh debitur utama atau pembatalan kewajiban.
        </t1>
        <t2>
Jika seorang penjamin yang menjamin suatu kewajiban yang mungkin dapat dibatalkan karena kapasitas bertindak terbatas, menyadari, pada saat penyelesaian kontrak jaminan, penyebab pembatalannya, penjamin tersebut diasumsikan telah mengambil alih kewajiban yang sama dalam hal ketidaklaksanaan oleh debitur utama atau pembatalan kewajiban.
        </t2>
    </pair>

    <pair id="R04-19-I" label="N">
        <t1>
(Hak untuk Penggantian Penjamin yang Menjamin tanpa Permintaan dari Debitur Utama)
Pasal 462 (1) Ketentuan Pasal 459-2, ayat (1) berlaku secara mutatis mutandis jika seseorang, yang telah memberikan jaminan tanpa permintaan dari debitur utama, melakukan tindakan untuk pelunasan kewajiban.
(2) Seseorang yang menjadi penjamin tanpa keinginan debitur utama memiliki hak untuk penggantian hanya sejauh saat ini diperkaya. Dalam kasus ini, jika debitur utama menyatakan memiliki alasan untuk kompensasi terhadap kreditur sebelum hari permintaan untuk penggantian, penjamin dapat menuntut agar kreditur melaksanakan kewajiban yang seharusnya dilunasi oleh kompensasi tersebut.
(Hak untuk Penggantian dalam Kasus Penjamin yang Menjamin atas Permintaan dan Melaksanakan Kewajiban Sebelum Jatuh Tempo)
Pasal 459-2 (1) Jika seorang penjamin memberikan jaminan atas permintaan debitur utama dan melakukan tindakan untuk pelunasan kewajiban sebelum jatuh tempo utang utama, penjamin memiliki hak untuk mendapatkan penggantian dari debitur utama sejauh debitur utama diperkaya pada saat tindakan tersebut. Dalam kasus seperti ini, jika debitur utama mengajukan alasan untuk kompensasi sebelum hari tindakan untuk pelunasan kewajiban, penjamin dapat meminta kreditur untuk melaksanakan kewajiban yang seharusnya dilunasi karena kompensasi tersebut.
        </t1>
        <t2>
Dalam kasus di mana jaminan diberikan tanpa kehendak dari debitur utama, penjamin yang melaksanakan kewajiban jaminan memiliki hak untuk pengembalian sejauh mana debitur utama diperkaya pada saat pelaksanaan.
        </t2>
    </pair>

    <pair id="R04-19-U" label="N">
        <t1>
(Batasan Penggantian untuk Penjamin yang Gagal Memberikan Pemberitahuan)
Pasal 463
(2) Jika seorang penjamin memberikan jaminan atas permintaan debitur utama dan melakukan tindakan untuk pelunasan kewajiban dengan itikad baik karena kegagalan debitur utama memberitahukan penjamin tentang pelaksanaan tindakan debitur utama untuk pelunasan kewajiban, penjamin dapat menganggap tindakan pelunasan kewajiban milik penjamin itu sendiri sebagai sah.
        </t1>
        <t2>
Dalam kasus di mana jaminan diberikan tanpa permintaan dari debitur utama, debitur utama melaksanakan kewajiban tetapi tidak memberitahu penjamin tentang fakta tersebut. Dalam hal ini, jika penjamin melaksanakan kewajiban jaminan tanpa mengetahui pelaksanaan oleh debitur utama, penjamin dapat menganggap bahwa pelaksanaan tersebut sah.
        </t2>
    </pair>

    <pair id="R04-19-E" label="Y">
        <t1>
(Tanggung Jawab Penjamin)
Pasal 446 (1) Penjamin bertanggung jawab untuk melaksanakan kewajiban debitur utama ketika debitur utama gagal melaksanakan kewajiban tersebut.
(Persyaratan untuk Kompensasi)
Pasal 505 (1) Jika dua orang memiliki kewajiban satu sama lain yang memiliki tujuan yang sama dan jika kedua kewajiban tersebut sudah jatuh tempo, masing-masing pihak yang berutang dapat dibebaskan dari kewajibannya dengan mengkompensasi nilai kewajiban tersebut terhadap jumlah yang sesuai dari kewajiban pihak yang berutang lainnya; dengan syarat, hal ini tidak berlaku jika sifat kewajiban tidak memperbolehkan kompensasi semacam itu.
        </t1>
        <t2>
Jika seorang penjamin yang diminta oleh kreditur untuk melaksanakan kewajiban jaminan mengajukan kompensasi dengan klaim penjamin terhadap kreditur, kewajiban utama akan diakhiri sejauh jumlah yang sesuai.
        </t2>
    </pair>

    <pair id="R04-19-O" label="N">
        <t1>
(Hak Penjamin Bersama untuk Penggantian atas Satu Kewajiban)
Pasal 465 (1) Jika terdapat beberapa penjamin, dan salah satu penjamin telah membayar seluruh jumlah kewajiban atau jumlah yang melebihi bagian penjamin tersebut karena kewajiban utama tidak terpisahkan, atau karena ada ketentuan khusus yang menyatakan bahwa setiap penjamin harus membayar seluruh jumlahnya, ketentuan Pasal 442 hingga 444 berlaku secara mutatis mutandis.
(Hak untuk Penggantian di Antara Pihak Berutang Solidaritas)
Pasal 442 (1) Jika salah satu dari pihak yang berutang secara bersama dan masing-masing melaksanakan kewajiban atau memperoleh pembebasan bersama sebagai ganti dari properti pribadi pihak yang berutang tersebut, pihak yang berutang secara bersama dan masing-masing memiliki hak untuk mendapatkan penggantian dari pihak yang berutang lainnya secara bersama dan masing-masing untuk jumlah yang sebanding dengan bagian masing-masing dari kewajiban dari jumlah properti yang dikeluarkan oleh pihak yang berutang secara bersama dan masing-masing untuk memperoleh pembebasan tersebut (jika jumlah properti melebihi jumlah setelah pembebasan bersama, jumlah yang demikian dibebaskan), terlepas dari apakah jumlah yang dibebaskan melebihi jumlah bagian pihak yang berutang secara bersama dan masing-masing sendiri.
        </t1>
        <t2>
Dalam kasus di mana salah satu dari beberapa penjamin yang bertanggung jawab secara bersama dan masing-masing telah melaksanakan kewajiban jaminan, penjamin dapat menuntut pengembalian dari penjamin lain yang bertanggung jawab secara bersama dan masing-masing, terlepas dari apakah jumlahnya melebihi bagian penjamin sendiri.
        </t2>
    </pair>

    <pair id="R04-20-A" label="N">
        <t1>
(Kelangsungan Penyerahan Tuntutan yang Belum Timbul)
Pasal 466-6
(2) Jika suatu tuntutan diserahkan, dan tuntutan tersebut belum timbul pada saat penunjukan niat untuk menyerahkannya, penerima penyerahan secara otomatis memperoleh tuntutan tersebut ketika ia timbul.
(3) Dalam kasus yang ditetapkan dalam ayat sebelumnya, jika penyerah membuat penunjukan niat untuk membatasi penyerahan pada saat penyerah memberikan pemberitahuan berdasarkan ketentuan Pasal berikutnya atau debitur memberikan persetujuan berdasarkan ketentuan Pasal tersebut (selanjutnya disebut sebagai &quot;waktu penyelesaian kesempurnaan&quot;), pihak ketiga seperti penerima penyerahan dianggap telah mengetahui hal ini, dan ketentuan Pasal 466, ayat (3) (atau ayat (1) dari Pasal sebelumnya jika tuntutan yang tunduk pada penunjukan niat untuk membatasi penyerahan adalah tuntutan untuk deposit) berlaku padanya.
(Kelangsungan Penyerahan Tuntutan)
Pasal 466
(3) Dalam kasus yang ditetapkan dalam ayat sebelumnya, debitur dapat menolak untuk melaksanakan kewajiban kepada pihak ketiga seperti penerima penyerahan yang tahu atau tidak tahu karena kelalaian berat bahwa penunjukan niat untuk membatasi penyerahan telah dibuat, dan dapat dengan tepat mengajukan kepada pihak ketiga tersebut segala peristiwa yang mengakibatkan pembebasan kewajiban seperti pembayaran kepada penyerah.
        </t1>
        <t2>
A mengalihkan Klaim X, klaim pembayaran harga penjualan terhadap B yang akan timbul di masa depan, kepada C dan memberitahu B tentang pengalihan tersebut. Kemudian A dan B membuat kesepakatan khusus yang melarang pengalihan Klaim X, dan setelah itu Klaim X timbul. Dalam hal ini, B dapat menganggap bahwa C mengetahui adanya kesepakatan khusus dan dapat menolak untuk melaksanakan kewajiban.
        </t2>
    </pair>

    <pair id="R04-20-I" label="N">
        <t1>
(Kelangsungan Penyerahan Tuntutan)
Pasal 466
(2) Meskipun pihak dalam suatu tuntutan menunjukkan niat untuk melarang atau membatasi penyerahan tuntutan (selanjutnya disebut &quot;penunjukan niat untuk membatasi penyerahan&quot;), validitas penyerahan tuntutan tidak terganggu.
(3) Dalam kasus yang ditetapkan dalam ayat sebelumnya, debitur dapat menolak untuk melaksanakan kewajiban kepada pihak ketiga seperti penerima penyerahan yang tahu atau tidak tahu karena kelalaian berat bahwa penunjukan niat untuk membatasi penyerahan telah dibuat, dan dapat dengan tepat mengajukan kepada pihak ketiga tersebut segala peristiwa yang mengakibatkan pembebasan kewajiban seperti pembayaran kepada penyerah.
(4) Ketentuan ayat sebelumnya tidak berlaku jika debitur tidak melaksanakan kewajiban, dan pihak ketiga yang ditetapkan dalam ayat tersebut menuntut debitur untuk melaksanakan kepada penyerah dengan menentukan periode waktu yang wajar, tetapi debitur tidak melaksanakan kewajiban dalam periode tersebut.
        </t1>
        <t2>
Klaim X, klaim pembayaran harga penjualan dari A terhadap B, memiliki kesepakatan khusus yang melarang pengalihan, tetapi C memperoleh Klaim X sambil mengetahui adanya kesepakatan khusus yang melarang pengalihan tersebut. C menuntut B untuk melaksanakan kewajiban kepada C dengan menentukan periode waktu yang wajar, tetapi B tidak melaksanakan kewajiban dalam periode tersebut. Dalam hal ini, B tidak dapat menolak untuk melaksanakan kewajiban kepada C berdasarkan kesepakatan khusus yang melarang pengalihan.
        </t2>
    </pair>

    <pair id="R04-20-U" label="Y">
        <t1>
(Kelangsungan Penyerahan Tuntutan)
Pasal 466
(2) Meskipun pihak dalam suatu tuntutan menunjukkan niat untuk melarang atau membatasi penyerahan tuntutan (selanjutnya disebut &quot;penunjukan niat untuk membatasi penyerahan&quot;), validitas penyerahan tuntutan tidak terganggu.
(3) Dalam kasus yang ditetapkan dalam ayat sebelumnya, debitur dapat menolak untuk melaksanakan kewajiban kepada pihak ketiga seperti penerima penyerahan yang tahu atau tidak tahu karena kelalaian berat bahwa penunjukan niat untuk membatasi penyerahan telah dibuat, dan dapat dengan tepat mengajukan kepada pihak ketiga tersebut segala peristiwa yang mengakibatkan pembebasan kewajiban seperti pembayaran kepada penyerah.
        </t1>
        <t2>
Klaim X, klaim pembayaran harga penjualan dari A terhadap B, memiliki kesepakatan khusus yang melarang pengalihan, tetapi C memperoleh Klaim X dan mengalihkannya kepada D sambil mengetahui adanya kesepakatan khusus yang melarang pengalihan tersebut. Dalam hal ini, jika D tidak mengetahui adanya kesepakatan khusus tanpa kelalaian besar, B tidak dapat menolak untuk melaksanakan kewajiban kepada D berdasarkan kesepakatan khusus yang melarang pengalihan.
        </t2>
    </pair>

    <pair id="R04-20-E" label="Y">
        <t1>
(Penitipan yang Dilakukan oleh Debitur untuk Tuntutan yang Tunduk pada Penunjukan Niat untuk Membatasi Penyerahan)
Pasal 466-2 (1) Jika tuntutan untuk pembayaran uang yang tunduk pada penunjukan niat untuk membatasi penyerahan diserahkan kepada pihak ketiga, debitur dapat menitipkan jumlah uang yang setara dengan jumlah penuh tuntutan tersebut kepada depositar resmi yang memiliki yurisdiksi atas tempat pelaksanaan kewajiban (termasuk domisili saat ini dari penyerah jika tempat pelaksanaan kewajiban ditentukan berdasarkan domisili saat ini dari penerima jaminan; hal yang sama berlaku dalam Pasal berikutnya).
        </t1>
        <t2>
Klaim X, klaim pembayaran harga penjualan dari A terhadap B, memiliki kesepakatan khusus yang melarang pengalihan, tetapi Klaim X telah dialihkan. Dalam hal ini, B dapat menyetorkan jumlah uang yang setara dengan jumlah penuh klaim ke deposito resmi.
        </t2>
    </pair>

    <pair id="R04-20-O" label="N">
        <t1>
(Kelangsungan Penyerahan Tuntutan)
Pasal 466
(2) Meskipun pihak dalam suatu tuntutan menunjukkan niat untuk melarang atau membatasi penyerahan tuntutan (selanjutnya disebut &quot;penunjukan niat untuk membatasi penyerahan&quot;), validitas penyerahan tuntutan tidak terganggu.
(3) Dalam kasus yang ditetapkan dalam ayat sebelumnya, debitur dapat menolak untuk melaksanakan kewajiban kepada pihak ketiga seperti penerima penyerahan yang tahu atau tidak tahu karena kelalaian berat bahwa penunjukan niat untuk membatasi penyerahan telah dibuat, dan dapat dengan tepat mengajukan kepada pihak ketiga tersebut segala peristiwa yang mengakibatkan pembebasan kewajiban seperti pembayaran kepada penyerah.
(Penempelan Tuntutan yang Tunduk pada Penunjukan Niat untuk Membatasi Penyerahan)
Pasal 466-4 (1) Ketentuan Pasal 466, ayat (3) tidak berlaku bagi penerima jaminan yang melakukan eksekusi paksa terhadap tuntutan yang tunduk pada penunjukan niat untuk membatasi penyerahan.
(2) Meskipun demikian, ketentuan ayat sebelumnya, jika pihak ketiga seperti penerima penyerahan tahu atau tidak tahu karena kelalaian berat bahwa penunjukan niat untuk membatasi penyerahan telah dibuat, dan penerima jaminan dari penerima penyerahan atau pihak ketiga lainnya melakukan eksekusi paksa terhadap tuntutan yang disebutkan dalam ayat tersebut, debitur dapat menolak untuk melaksanakan kewajiban dan dengan tepat mengajukan kepada penerima jaminan yang melakukan penempelan segala peristiwa yang mengakibatkan pembebasan kewajiban seperti pembayaran kepada penyerah.
        </t1>
        <t2>
Klaim X, klaim pembayaran harga penjualan dari A terhadap B, memiliki kesepakatan khusus yang melarang pengalihan, tetapi C memperoleh Klaim X sambil mengetahui adanya kesepakatan khusus yang melarang pengalihan tersebut. Kemudian D, kreditur dari C, menegakkan eksekusi paksa terhadap Klaim X. Dalam hal ini, B tidak dapat menolak untuk melaksanakan kewajiban kepada D berdasarkan kesepakatan khusus yang melarang pengalihan.
        </t2>
    </pair>

    <pair id="R04-21-I" label="Y">
        <t1>
(Penitipan)
Pasal 494
(2) ayat sebelumnya juga berlaku jika pelaku tidak dapat menentukan penerima kewajiban; dengan ketentuan, bahwa ini tidak berlaku jika pelaku lalai dalam hal ini.
        </t1>
        <t2>
Jika seorang pelaksana tidak dapat menentukan kreditur tanpa kelalaian, pelaksana dapat menyetorkan subjek pelaksanaan ke deposito resmi.
        </t2>
    </pair>

    <pair id="R04-21-U" label="N">
        <t1>
(Pemulihan Barang yang Dititipkan)
Pasal 496 (1) Selama kreditur tidak menerima deposito, atau putusan yang menyatakan bahwa deposito tersebut efektif tidak menjadi final dan mengikat, pelaku dapat mengambil kembali barang yang disetorkan. Dalam hal ini, dianggap tidak ada deposito yang telah dilakukan.
        </t1>
        <t2>
Jika seorang pelaksana secara sah menyetorkan subjek pelaksanaan ke deposito resmi, pelaksana tidak dapat mengambil kembali barang yang disetorkan.
        </t2>
    </pair>

    <pair id="R04-21-E" label="Y">
        <t1>
(Metode Penitipan)
Pasal 495
(3) Seseorang yang telah melakukan penitipan sesuai dengan ketentuan Pasal sebelumnya harus memberitahukan penerima kewajiban tentang penitipan tersebut tanpa penundaan.
        </t1>
        <t2>
Jika seorang pelaksana menyetorkan subjek pelaksanaan ke deposito resmi untuk keuntungan kreditur, pelaksana harus memberitahu kreditur tentang setoran tersebut tanpa penundaan.
        </t2>
    </pair>

    <pair id="R04-21-O" label="N">
        <t1>
(Penitipan)
Pasal 494 (1) Dalam kasus berikut, pelaku dapat menitipkan materi pelaksanaan kepada lembaga penitipan resmi untuk keuntungan penerima kewajiban. Dalam hal ini, tuntutan dihapuskan ketika pelaku melakukan penitipan:
        </t1>
        <t2>
Jika seorang pelaksana menyetorkan subjek pelaksanaan ke deposito resmi untuk keuntungan kreditur, klaim akan dihapuskan pada saat barang yang disetorkan dikembalikan kepada kreditur.
        </t2>
    </pair>

    <pair id="R04-22-A" label="N">
        <t1>
(Larangan Melakukan Kompensasi Terhadap Tuntutan yang Timbul dari Tindakan Melawan Hukum sebagai Tuntutan Kompensasi Pasif)
Pasal 509 Pihak yang berutang dari salah satu kewajiban berikut tidak dapat menyatakan kompensasi secara sah terhadap pihak yang berutang; dengan syarat, ini tidak berlaku jika pihak yang berutang memperoleh tuntutan yang sesuai dengan kewajiban yang relevan dari orang lain:
(i) suatu kewajiban untuk kompensasi atas kerugian atau kerusakan berdasarkan tindak pidana yang dilakukan dengan sengaja; atau
(ii) suatu kewajiban untuk kompensasi atas kerugian atau kerusakan akibat kematian atau cedera pada orang (kecuali yang tercantum dalam butir sebelumnya).
        </t1>
        <t2>
Korban A, yang terluka karena tindak pidana, tidak dapat menggunakan klaim ganti rugi atas kerugian terhadap Pelaku B untuk mengajukan kompensasi, terhadap klaim pinjaman B terhadap A.
        </t2>
    </pair>

    <pair id="R04-22-I" label="N">
        <t1>
(Persyaratan untuk Kompensasi)
Pasal 505 (1) Jika dua orang memiliki kewajiban satu sama lain yang memiliki tujuan yang sama dan jika kedua kewajiban tersebut sudah jatuh tempo, masing-masing pihak yang berutang dapat dibebaskan dari kewajibannya dengan mengkompensasi nilai kewajiban tersebut terhadap jumlah yang sesuai dari kewajiban pihak yang berutang lainnya; dengan syarat, hal ini tidak berlaku jika sifat kewajiban tidak memperbolehkan kompensasi semacam itu.
(Manfaat Waktu dan Pelepasan)
Pasal 136
(2) Manfaat dari stipulasi waktu dapat dilepaskan; namun, pelepasan tersebut tidak boleh merugikan kepentingan pihak lawan.
        </t1>
        <t2>
Debitur dari klaim yang belum jatuh tempo tidak dapat melakukan kompensasi klaim.
        </t2>
    </pair>

    <pair id="R04-22-O" label="Y">
        <t1>
(Larangan Kompensasi Terhadap Tuntutan yang Telah Disita)
Pasal 511 (1) Pihak ketiga yang berutang dalam suatu tuntutan yang telah disita tidak dapat mengajukan pembelaan kompensasi dengan tuntutan apapun yang diperoleh setelah penyitaan terhadap pihak yang menyita, tetapi dapat dengan semestinya mengajukan pembelaan kompensasi dengan menggunakan tuntutan yang diperoleh sebelum penyitaan.
        </t1>
        <t2>
Debitur pihak ketiga dari klaim yang telah disita dapat menegaskan kompensasi menggunakan klaim terhadap debitur yang disita yang dimiliki sebelum penyitaan, terhadap kreditur yang menyita.
        </t2>
    </pair>

    <pair id="R04-23-A" label="Y">
        <t1>
(Pembatalan Pinjaman untuk Penggunaan)
Pasal 598
(2) Jika para pihak tidak menentukan periode pinjaman untuk penggunaan atau tujuan penggunaan dan mendapatkan keuntungan dari barang pinjaman, pemberi pinjaman dapat membatalkan kontrak kapan saja.
        </t1>
        <t2>
Pinjaman untuk penggunaan tanpa penentuan periode pinjaman disepakati. Dalam hal ini, jika tidak ada penentuan tujuan penggunaan dan memperoleh keuntungan dari barang yang dipinjam, pemberi pinjaman dapat membatalkan kontrak kapan saja.
        </t2>
    </pair>

    <pair id="R04-23-I" label="Y">
        <t1>
(Pemberitahuan Pengakhiran Sewa dengan Masa Tak Terbatas)
Pasal 617 (1) Jika para pihak tidak menentukan masa sewa, salah satu pihak dapat memberikan pemberitahuan pengakhiran sewa kapan saja. Dalam kasus seperti itu, sewa seperti yang ditetapkan dalam salah satu dari poin berikut ini diakhiri ketika masa yang ditentukan dalam poin tersebut telah lewat setelah hari pemberitahuan pengakhiran sewa:
        </t1>
        <t2>
Dalam kasus sewa barang bergerak dengan jangka waktu tidak pasti, pemilik sewa dapat memberikan pemberitahuan pengakhiran sewa kapan saja.
        </t2>
    </pair>

    <pair id="R04-23-U" label="N">
        <t1>
(Pembatalan Kontrak oleh Pihak Pemesan Pekerjaan)
Pasal 641 Pihak yang memesan pekerjaan dapat membatalkan kontrak kapan saja selama kontraktor belum menyelesaikan pekerjaan dengan membayar kompensasi atas kerugian atau kerusakan.
(Pembatalan Saat Dimulainya Prosedur Kepailitan untuk Pihak yang Memesan Pekerjaan)
Pasal 642 (1) Jika pihak yang memesan pekerjaan menerima perintah untuk memulai prosedur kepailitan, kontraktor atau kurator kepailitan dapat membatalkan kontrak; dengan ketentuan, ini tidak berlaku untuk pembatalan kontrak oleh kontraktor setelah pekerjaan selesai.
        </t1>
        <t2>
Kontraktor dapat membatalkan kontrak kerja kapan saja selama kontraktor belum menyelesaikan pekerjaan dengan membayar kompensasi atas kerugian atau kerusakan.
        </t2>
    </pair>

    <pair id="R04-23-E" label="Y">
        <t1>
(Pembatalan Mandat)
Pasal 651 (1) Mandat dapat dibatalkan oleh salah satu pihak kapan saja.
        </t1>
        <t2>
Dalam kasus mandat dengan syarat pasti dan berbayar, mandatarius dapat membatalkan kontrak sebelum berakhirnya masa kontrak.
        </t2>
    </pair>

    <pair id="R04-23-O" label="N">
        <t1>
(Pembatalan Penitipan oleh Penitip Sebelum Penerimaan Barang yang Dititipkan)
Pasal 657-2
(2) Seorang penitip tanpa bayaran dapat membatalkan kontrak sampai penitip menerima barang yang dititipkan; namun, ini tidak berlaku untuk penitipan yang dibuat secara tertulis.
        </t1>
        <t2>
Jika penitipan sukarela telah dibuat secara tertulis, penitip dapat membatalkan kontrak sampai penerima titipan menerima barang yang dititipkan.
        </t2>
    </pair>

    <pair id="R04-24-I" label="N">
        <t1>
(Uang Muka)
Pasal 557 (1) Jika pembeli membayar uang muka kepada penjual, pembeli dapat membatalkan kontrak dengan melepaskan uang muka tersebut, atau penjual dapat membatalkan kontrak dengan benar-benar memberikan kepada pembeli dua kali jumlahnya; namun, ini tidak berlaku setelah pihak lain mulai melaksanakan kontrak.
        </t1>
        <t2>
Pembeli dapat membatalkan kontrak dengan uang jaminan pembatalan sampai pembeli memulai pelaksanaan kontrak meskipun penjual telah memulai pelaksanaan kontrak.
        </t2>
    </pair>

    <pair id="R04-24-U" label="Y">
        <t1>
(Uang Muka)
Pasal 557 (1) Jika pembeli membayar uang muka kepada penjual, pembeli dapat membatalkan kontrak dengan melepaskan uang muka tersebut, atau penjual dapat membatalkan kontrak dengan benar-benar memberikan kepada pembeli dua kali jumlahnya; namun, ini tidak berlaku setelah pihak lain mulai melaksanakan kontrak.
        </t1>
        <t2>
Pembeli dapat membatalkan kontrak dengan uang jaminan pembatalan sampai penjual memulai pelaksanaan kontrak meskipun pembeli telah memulai pelaksanaan kontrak.
        </t2>
    </pair>

    <pair id="R04-24-E" label="N">
        <t1>
(Uang Muka)
Pasal 557 (1) Jika pembeli membayar uang muka kepada penjual, pembeli dapat membatalkan kontrak dengan melepaskan uang muka tersebut, atau penjual dapat membatalkan kontrak dengan benar-benar memberikan kepada pembeli dua kali jumlahnya; namun, ini tidak berlaku setelah pihak lain mulai melaksanakan kontrak.
        </t1>
        <t2>
Penjual dapat membatalkan kontrak dengan uang jaminan pembatalan ketika penjual memberitahukan pembeli secara lisan bahwa penjual mengembalikan dua kali jumlah uang jaminan.
        </t2>
    </pair>

    <pair id="R04-24-O" label="Y">
        <t1>
(Uang Muka)
Pasal 557
(2) Ketentuan Pasal 545, ayat (4) tidak berlaku untuk kasus yang disebutkan di ayat sebelumnya.
(Dampak Pembatalan)
Pasal 545
(4) Penggunaan hak untuk membatalkan tidak meniadakan klaim untuk kompensasi atas kerugian atau kerusakan.
        </t1>
        <t2>
Ketika pembeli membatalkan kontrak dengan uang jaminan pembatalan, pembeli tidak bertanggung jawab untuk mengganti kerugian meskipun kerugian melebihi jumlah uang jaminan telah diderita oleh penjual.
        </t2>
    </pair>

    <pair id="R04-25-A" label="Y">
        <t1>
(Pinjaman untuk Konsumsi)
Pasal 587 Pinjaman untuk konsumsi menjadi efektif ketika pihak pertama menerima uang atau hal lain dari pihak kedua, setelah berjanji untuk mengembalikan benda yang sama jenis, kualitas, dan kuantitasnya.
        </t1>
        <t2>
Pinjaman untuk konsumsi yang tidak dibuat secara tertulis menjadi efektif ketika pihak pertama menerima uang atau barang lain dari pihak kedua, dengan janji untuk mengembalikan barang dengan jenis, kualitas, dan jumlah yang sama.
        </t2>
    </pair>

    <pair id="R04-25-I" label="N">
        <t1>
(Pinjaman untuk Konsumsi yang Dibuat secara Tertulis)
Pasal 587-2
(2) Peminjam pinjaman konsumtif yang dibuat secara tertulis dapat membatalkan kontrak hingga peminjam menerima uang atau hal lainnya dari pemberi pinjaman. Dalam hal tersebut, jika pemberi pinjaman mengalami kerugian akibat pembatalan kontrak, pemberi pinjaman dapat menuntut ganti rugi.
        </t1>
        <t2>
Pinjaman untuk konsumsi yang dibuat secara tertulis dapat dibatalkan oleh salah satu pihak sampai peminjam menerima subjek pinjaman dari pemberi pinjaman.
        </t2>
    </pair>

    <pair id="R04-25-U" label="Y">
        <t1>
(Pinjaman Konsumtif Semu)
Pasal 589 (1) Dalam ketiadaan kesepakatan khusus, pemberi pinjaman tidak dapat menuntut bunga dari peminjam.
        </t1>
        <t2>
Berkaitan dengan pinjaman untuk konsumsi menurut Kode Sipil, tanpa adanya kesepakatan khusus, pemberi pinjaman tidak dapat menuntut bunga dari peminjam.
        </t2>
    </pair>

    <pair id="R04-25-E" label="N">
        <t1>
(Waktu Pengembalian)
Pasal 591
(2) Peminjam dapat mengembalikan barang pinjaman kapan saja, terlepas dari apakah para pihak telah menentukan waktu pengembaliannya.
        </t1>
        <t2>
Berkaitan dengan pinjaman untuk konsumsi menurut Kode Sipil, jika pihak-pihak menentukan waktu pengembalian barang yang dipinjam, peminjam tidak dapat mengembalikan barang sebelum waktu pengembalian.
        </t2>
    </pair>

    <pair id="R04-25-O" label="Y">
        <t1>
(Kewajiban Pemberi Pinjaman untuk Menyerahkan)
Pasal 590
(2) Terlepas dari adanya perjanjian khusus yang dimaksud dalam ayat (1) Pasal sebelumnya, jika barang yang diserahkan dari pemberi pinjaman tidak sesuai dengan syarat-syarat kontrak terkait jenis atau kualitas, peminjam dapat mengembalikan nilai barang yang diserahkan.
        </t1>
        <t2>
Berkaitan dengan pinjaman untuk konsumsi menurut Kode Sipil, jika barang yang diserahkan dari pemberi pinjaman tidak sesuai dengan syarat kontrak berkaitan dengan jenis atau kualitas, peminjam dapat mengembalikan nilai barang yang diserahkan.
        </t2>
    </pair>

    <pair id="R04-26-A" label="N">
        <t1>
(Ruang Lingkup Objek Hak Gadai Statuter untuk Sewa Tanah dan Bangunan)
Pasal 313
(2) Hak gadai statuter dari pemilik bangunan ada terhadap barang-barang bergerak yang diperebutkan ke bangunan tersebut oleh penyewa.
Pasal 316 Jika seorang pemilik telah menerima jaminan keamanan sebagaimana diatur dalam Pasal 622-2, ayat (1), pemilik tersebut memiliki hak gadai statuter hanya terhadap bagian dari klaim pemilik yang tidak akan dipenuhi oleh jaminan keamanan tersebut.
        </t1>
        <t2>
A menyewa Bangunan X, yang dimiliki oleh B, dari B dan memberikan uang jaminan kepada B, dan A gagal membayar sewa. Dalam hal ini, B dapat menggunakan hak gadai statutoris terhadap barang bergerak yang diperabotkan ke bangunan tersebut oleh A meskipun jumlah sewa yang belum dibayar berada dalam jumlah uang jaminan.
        </t2>
    </pair>

    <pair id="R04-26-I" label="N">
        <t1>
Pasal 622-2
(2) Jika penyewa gagal memenuhi kewajiban membayar uang berdasarkan sewa-menyewa, pemilik sewa dapat mengalokasikan jaminan uang muka untuk pembayaran kewajiban tersebut. Dalam hal ini, penyewa tidak dapat menuntut agar pemilik sewa mengalokasikan jaminan uang muka untuk pembayaran kewajiban.
        </t1>
        <t2>
A menyewa Bangunan X, yang dimiliki oleh B, dari B dan memberikan uang jaminan kepada B. Dalam hal ini, A dapat menuntut B agar menggunakan uang jaminan untuk pembayaran sewa selama sewa berlangsung.
        </t2>
    </pair>

    <pair id="R04-26-U" label="N">
        <t1>
(Isi Hak Penahanan)
Pasal 295 (1) Jika seorang pemilik barang milik orang lain memiliki klaim yang timbul sehubungan dengan barang tersebut, pemilik tersebut dapat menahan barang tersebut sampai klaim tersebut dipenuhi; dengan ketentuan, bahwa ini tidak berlaku jika klaim terkait belum jatuh tempo.
Pasal 622-2 (1) Jika pemilik sewa menerima jaminan uang muka (berarti uang yang diserahkan oleh penyewa kepada pemilik sewa dengan nama apapun, dengan tujuan mengamankan kewajiban untuk membayar uang yang dipinjam oleh penyewa kepada pemilik sewa berdasarkan sewa-menyewa, seperti kewajiban untuk membayar sewa; yang berikutnya berlaku sama dalam Pasal ini), pemilik sewa harus mengembalikan kepada penyewa jumlah yang tersisa setelah dikurangi jumlah kewajiban untuk membayar uang yang dipinjam oleh penyewa kepada pemilik sewa berdasarkan sewa-menyewa, dari jumlah jaminan uang muka yang diterima, dalam kasus-kasus berikut:
(i) jika sewa-menyewa berakhir, dan pemilik sewa menerima pengembalian barang sewaan; atau
        </t1>
        <t2>
A menyewa Bangunan X dari B yang dimiliki oleh B dan memberikan uang jaminan kepada B, dan sewa berakhir. Dalam hal ini, A dapat menahan Bangunan X sampai uang jaminan dikembalikan.
        </t2>
    </pair>

    <pair id="R04-26-E" label="Y">
        <t1>
Pasal 622-2 (1) Jika pemilik sewa menerima jaminan uang muka (berarti uang yang diserahkan oleh penyewa kepada pemilik sewa dengan nama apapun, dengan tujuan mengamankan kewajiban untuk membayar uang yang dipinjam oleh penyewa kepada pemilik sewa berdasarkan sewa-menyewa, seperti kewajiban untuk membayar sewa; yang berikutnya berlaku sama dalam Pasal ini), pemilik sewa harus mengembalikan kepada penyewa jumlah yang tersisa setelah dikurangi jumlah kewajiban untuk membayar uang yang dipinjam oleh penyewa kepada pemilik sewa berdasarkan sewa-menyewa, dari jumlah jaminan uang muka yang diterima, dalam kasus-kasus berikut:
(ii) jika penyewa secara sah mengalihkan sewa-menyewa.
        </t1>
        <t2>
A menyewa Bangunan X, yang dimiliki oleh B, dari B dan memberikan uang jaminan kepada B, dan A secara sah mengalihkan sewa kepada C. Dalam hal ini, A dapat menuntut pengembalian uang jaminan dari B.
        </t2>
    </pair>

    <pair id="R04-27-A" label="Y">
        <t1>
(Remunerasi untuk Hasil)
Pasal 648-2 (1) Jika para pihak sepakat bahwa remunerasi akan dibayar untuk hasil apa pun yang mungkin diperoleh melalui pelaksanaan bisnis yang diberi mandat, dan hasilnya harus disampaikan, remunerasi harus dibayar bersamaan dengan penyerahan hasil.
        </t1>
        <t2>
Jika pihak-pihak sepakat bahwa remunerasi akan dibayarkan untuk hasil apa pun yang mungkin diperoleh melalui pelaksanaan bisnis yang diberikan, dan hasil tersebut diharuskan untuk diserahkan, pemberi mandat harus membayar remunerasi secara bersamaan pada saat penyerahan hasil.
        </t2>
    </pair>

    <pair id="R04-27-I" label="N">
        <t1>
(Penunjukan Sub-Mandatarius)
Pasal 644-2 (1) Seorang mandatari tidak boleh menunjuk sub-mandatari kecuali mandatari mendapatkan izin dari mandator atau ada alasan yang mendesak untuk melakukannya.
        </t1>
        <t2>
Seorang mandatarius dapat menunjuk sub mandatarius tanpa mendapatkan izin dari pemberi mandat meskipun tidak ada alasan mendesak untuk melakukannya.
        </t2>
    </pair>

    <pair id="R04-27-U" label="N">
        <t1>
(Pembatalan Mandat)
Pasal 651 (1) Mandat dapat dibatalkan oleh salah satu pihak kapan saja.
        </t1>
        <t2>
Pemberi mandat tidak dapat membatalkan mandat pada waktu yang merugikan mandatarius.
        </t2>
    </pair>

    <pair id="R04-27-E" label="Y">
        <t1>
(Tuntutan Mandataris untuk Penggantian Biaya)
Pasal 650 (1) Jika mandataris telah mengeluarkan biaya yang ditemukan perlu untuk pengelolaan bisnis yang dimandatkan, mandataris dapat menuntut penggantian biaya tersebut dari mandator dan bunga atas biaya tersebut sejak hari biaya dikeluarkan.
        </t1>
        <t2>
Jika mandatarius telah mengeluarkan biaya yang ditemukan perlu untuk administrasi bisnis yang diberikan mandat, mandatarius dapat menuntut penggantian biaya tersebut dari pemberi mandat dan bunga atasnya dari hari biaya dikeluarkan.
        </t2>
    </pair>

    <pair id="R04-27-O" label="Y">
        <t1>
(Dampak Pembatalan Mandat)
Pasal 652 Ketentuan Pasal 620 berlaku mutatis mutandis untuk mandat.
(Akibat Pembatalan Sewa)
Pasal 620 Jika sewa-menyewa dibatalkan, pembatalan tersebut berlaku hanya untuk masa depan. Dalam hal ini, pembatalan tidak menghalangi klaim untuk kompensasi atas kerugian atau kerusakan.
        </t1>
        <t2>
Pembatalan mandat berlaku hanya untuk masa depan.
        </t2>
    </pair>

    <pair id="R04-28-A" label="Y">
        <t1>
(Penerapan Mutatis Mutandis Ketentuan tentang Mandat)
Pasal 701 Ketentuan Pasal 645 sampai Pasal 647 berlaku secara mutatis mutandis untuk intervensi baik hati dalam urusan orang lain.
(Tuntutan Mandataris untuk Penggantian Biaya)
Pasal 650
(3) Jika mandataris mengalami kerugian atau kerusakan yang tidak disebabkan oleh kelalaian mandataris dalam rangka mengelola bisnis yang dimandatkan, mandataris dapat menuntut kompensasi untuk hal tersebut dari mandator.
        </t1>
        <t2>
Meskipun seorang pengelola mengalami kerugian atau kerusakan yang tidak disebabkan oleh kelalaian pengelola dalam rangka melakukan intervensi sukarela dalam bisnis orang lain, pengelola tidak dapat menuntut kompensasi untuk ini dari pihak utama.
        </t2>
    </pair>

    <pair id="R04-28-I" label="N">
        <t1>
(Tuntutan Pengelola untuk Penggantian Biaya)
Pasal 702 (1) Jika pengelola telah menanggung biaya yang bermanfaat bagi prinsipal, pengelola dapat menuntut penggantian biaya tersebut dari prinsipal.
(3) Jika pengelola melakukan intervensi baik hati dalam urusan orang lain bertentangan dengan kehendak prinsipal, ketentuan dua ayat sebelumnya berlaku secara mutatis mutandis, hanya sejauh saat ini diperkaya.
        </t1>
        <t2>
Jika setelah memulai intervensi sukarela dalam bisnis orang lain menjadi jelas bahwa intervensi sukarela dalam bisnis orang lain bertentangan dengan kehendak pihak utama, pengelola tidak dapat menuntut penggantian biaya yang telah dibayar oleh pengelola dari pihak utama.
        </t2>
    </pair>

    <pair id="R04-28-E" label="Y">
        <t1>
(Penerapan Mutatis Mutandis Ketentuan tentang Mandat)
Pasal 701 Ketentuan Pasal 645 sampai Pasal 647 berlaku secara mutatis mutandis untuk intervensi baik hati dalam urusan orang lain.
(Laporan oleh Mandatari)
Pasal 645 Mandatari harus, jika diminta oleh mandator, melaporkan status terkini administrasi bisnis yang diberikan kewenangannya setiap saat, dan harus melaporkan proses dan hasilnya tanpa penundaan setelah berakhirnya mandat.
        </t1>
        <t2>
Pengelola harus melaporkan proses dan hasil tanpa penundaan setelah berakhirnya intervensi sukarela dalam bisnis orang lain.
        </t2>
    </pair>

    <pair id="R04-28-O" label="Y">
        <t1>
(Intervensi Baik Hati Mendesak dalam Urusan Orang Lain)
Pasal 698 Jika pengelola melakukan intervensi baik hati dalam urusan orang lain untuk memungkinkan prinsipal terhindar dari bahaya mendesak terhadap pribadi, reputasi, atau properti prinsipal, pengelola tidak bertanggung jawab untuk memberi kompensasi atas kerusakan yang diakibatkan hal ini kecuali jika pengelola bertindak dengan itikad buruk atau dengan kelalaian besar.
        </t1>
        <t2>
Jika seorang pengelola melakukan intervensi sukarela dalam bisnis orang lain untuk memungkinkan pihak utama terhindar dari bahaya mendesak terhadap properti pihak utama, pengelola tidak bertanggung jawab untuk mengganti kerusakan yang diakibatkan oleh ini kecuali pengelola bertindak dengan niat buruk atau kelalaian besar.
        </t2>
    </pair>

    <pair id="R04-29-I" label="Y">
        <t1>
(Prekripsi Pemadaman Tuntutan Ganti Rugi atas Kerugian atau Kerusakan yang Disebabkan oleh Tindak Pidana)
Pasal 724 Dalam kasus berikut, tuntutan ganti rugi atas kerugian atau kerusakan yang disebabkan oleh tindak pidana padam oleh preskripsi:
(ii) hak tersebut tidak dilaksanakan dalam waktu 20 tahun sejak terjadinya tindakan melawan hukum.
        </t1>
        <t2>
Klaim ganti rugi atas kerugian atau kerusakan yang disebabkan oleh perbuatan melanggar hukum dihapuskan oleh preskripsi ketika hak tidak dilaksanakan dalam 20 tahun dari waktu tindakan melanggar hukum.
        </t2>
    </pair>

    <pair id="R04-29-O" label="N">
        <t1>
(Pertahanan Diri dan Kebutuhan)
Pasal 720 (1) Orang yang, sebagai tanggapan terhadap tindakan melawan hukum orang lain, terpaksa melakukan tindakan merugikan untuk melindungi hak atau kepentingan yang dilindungi hukum diri sendiri atau pihak ketiga, tidak bertanggung jawab untuk memberi ganti rugi atas kerugian atau kerusakan; namun, hal ini tidak menghalangi korban untuk mengajukan tuntutan ganti rugi atas kerugian atau kerusakan terhadap orang yang melakukan tindakan melawan hukum tersebut.
        </t1>
        <t2>
B, yang, sebagai tanggapan atas perbuatan melanggar hukum A, melakukan tindakan merugikan untuk melindungi hak pihak ketiga C, bertanggung jawab untuk ganti rugi atas kerugian atau kerusakan meskipun tindakan merugikan tersebut mendesak.
        </t2>
    </pair>

    <pair id="R04-33-I" label="Y">
        <t1>
(Pengakhiran Pinjaman untuk Penggunaan setelah Berakhirnya Masa Pinjaman)
Pasal 597
(3) Pinjaman untuk penggunaan diakhiri setelah kematian peminjam.
        </t1>
        <t2>
Jika peminjam pinjaman penggunaan tanah meninggal, ahli waris peminjam tidak dapat terus menggunakan tanah dengan mewarisi hak pinjaman penggunaan.
        </t2>
    </pair>

    <pair id="R04-36-A" label="Y">
        <t1>
(Persyaratan untuk Kesempurnaan Penyerahan Tuntutan)
Pasal 467 (1) Penyerahan tuntutan (termasuk penyerahan tuntutan yang belum timbul) tidak dapat dengan tepat diajukan terhadap debitur yang berlaku atau pihak ketiga lainnya, kecuali penyerah memberitahukan hal tersebut kepada debitur atau debitur telah memberikan persetujuannya.
        </t1>
        <t2>
Jika debitur menyetujui pengalihan klaim terhadap pengalih atau penerima alih, penerima alih dapat dengan sah menegaskan pengalihan klaim terhadap debitur.
        </t2>
    </pair>

    <pair id="R04-36-I" label="Y">
        <t1>
(Tawaran yang Tidak Menentukan Periode untuk Penerimaan)
Pasal 525 (1) Tawaran yang dibuat tanpa menentukan periode untuk penerimaan tidak dapat dicabut sampai berlalunya periode waktu yang wajar bagi penawar untuk menerima pemberitahuan penerimaan; namun, hal ini tidak berlaku jika penawar menyatakan hak untuk mencabut.
        </t1>
        <t2>
Penawaran kepada seseorang di kejauhan yang dibuat tanpa menentukan periode penerimaan tidak dapat dicabut sampai berlalunya periode waktu yang wajar bagi penawar untuk menerima pemberitahuan penerimaan kecuali penawar memperoleh hak untuk mencabut.
        </t2>
    </pair>

    <pair id="R04-36-U" label="Y">
        <t1>
(Persyaratan dan Efek dari Pemikulan Kewajiban Tidak Melepaskan Debitur)
Pasal 470
(3) Pengambilalihan kewajiban tanpa melepaskan debitur juga dapat dilakukan melalui kontrak antara debitur awal dan orang yang menjadi debitur tambahan. Dalam hal ini, pengambilalihan kewajiban tanpa melepaskan debitur menjadi efektif ketika kreditur memberikan persetujuan kepada orang yang menjadi debitur tambahan.
        </t1>
        <t2>
Pengalihan kewajiban yang tidak melepaskan debitur oleh kontrak antara debitur awal dan orang yang menjadi debitur tambahan menjadi efektif ketika kreditur memberikan persetujuan kepada orang yang menjadi debitur tambahan.
        </t2>
    </pair>

    <pair id="R04-36-E" label="N">
        <t1>
(Penggunaan Barang yang Dititipkan dan Penjagaan oleh Pihak Ketiga)
Pasal 658 (1) Penerima penitipan tidak boleh menggunakan barang titipan tanpa mendapatkan persetujuan dari pemberi penitipan.
        </t1>
        <t2>
Penerima titipan sukarela dapat menggunakan barang yang dititipkan sesuai dengan metode penggunaan tanpa mendapatkan persetujuan dari penitip.
        </t2>
    </pair>

    <pair id="R04-37-A" label="N">
        <t1>
(Tuntutan Pemilik untuk Penggantian Biaya)
Pasal 196
(2) Terkait dengan biaya yang dibayar oleh pemilik untuk meningkatkan barang dalam kepemilikannya dan pengeluaran lain yang bermanfaat, pemilik dapat meminta orang yang memulihkan barang tersebut mengganti biaya yang telah dibayar oleh pemilik atau jumlah peningkatan nilai, mana yang dipilih oleh orang yang memulihkan barang tersebut, tetapi hanya jika ada peningkatan nilai saat ini; dengan catatan, bahwa terkait dengan pemilik yang bertindak tidak dengan itikad baik, pengadilan dapat, atas permintaan orang yang memulihkan barang tersebut, memberikan waktu yang wajar untuk hal yang sama.
        </t1>
        <t2>
Seorang pemilik mengklaim penggantian biaya penggunaan yang menguntungkan terhadap pemilik ketika pemilik mengembalikan barang yang dimiliki. Dalam hal ini, pengadilan dapat, atas permintaan pemilik, memberikan periode waktu yang wajar untuk penggantian meskipun pemilik berada dalam itikad baik.
        </t2>
    </pair>

    <pair id="R04-37-I" label="N">
        <t1>
(Pelaksanaan Gadai atas Barang Bergerak)
Pasal 354 Jika tuntutan seorang penerima gadai barang bergerak tidak terpenuhi, penerima gadai dapat mengajukan permintaan kepada pengadilan untuk pengalihan segera barang yang digadaikan untuk pemenuhan tuntutan tersebut sesuai dengan penilaian seorang penilai hanya ketika ada alasan yang wajar. Dalam kasus ini, penerima gadai barang bergerak harus memberitahukan debitur terlebih dahulu tentang permintaan tersebut.
        </t1>
        <t2>
Jika klaim pemegang gadai barang bergerak tidak terpenuhi, pemegang gadai dapat langsung menggunakan barang yang digadaikan untuk memuaskan klaim tersebut dengan mendapatkan izin pengadilan, bukan mendapatkan penilaian penilai, hanya ketika ada alasan yang wajar untuk tidak mendapatkan penilaian penilai.
        </t2>
    </pair>

    <pair id="R04-37-U" label="Y">
        <t1>
(Penitipan)
Pasal 494 (1) Dalam kasus berikut, pelaku dapat menitipkan materi pelaksanaan kepada lembaga penitipan resmi untuk keuntungan penerima kewajiban. Dalam hal ini, tuntutan dihapuskan ketika pelaku melakukan penitipan:
(i) pelaku menawarkan pelaksanaan, dan penerima kewajiban menolak untuk menerimanya; atau
(Barang Tidak Cocok untuk Deposito)
Pasal 497 Dalam kasus berikut, pelaku dapat, dengan izin pengadilan, menjual barang yang merupakan objek pelaksanaan di lelang umum dan menyetorkan hasil penjualan tersebut pada deposito resmi:
(iii) biaya berlebihan diperlukan untuk pemeliharaan barang tersebut; atau
        </t1>
        <t2>
Seorang pelaksana menawarkan pelaksanaan, dan kreditur menolak untuk menerimanya. Dalam hal ini, jika biaya berlebihan diperlukan untuk pemeliharaan barang, pelaksana dapat, dengan izin pengadilan, menjual barang yang menjadi subjek pelaksanaan dalam lelang umum dan menyetorkan hasil penjualan tersebut ke deposito resmi.
        </t2>
    </pair>

</dataset>